x,y,theta
-0.069999975413084,0.08000007450580604,0.0
-0.03045434341511677,0.07431197932827338,0.0
-0.005584233486417789,0.07176795768391919,0.0
0.016344554071791917,0.08377319162745955,0.0
0.03859530208401796,0.09517112575726294,0.0
0.06079207212913107,0.10667320112396972,0.0
0.08314905946178786,0.1178609454313051,0.0
0.10494261599991606,0.1301099385337512,0.0
0.12673674474264263,0.1423581686967328,0.0
0.1486392108893273,0.15441146782653625,0.0
0.17050944284363712,0.16652313182537348,0.0
0.19244070995510643,0.17852416960185913,0.0
0.2141419508180309,0.19093605027997462,0.0
0.23563471847228246,0.2037053680972054,0.0
0.25724097337187746,0.21628204369965154,0.0
0.27894011615127456,0.2286977390750895,0.0
0.30022956043823856,0.241803513196162,0.0
0.32183581533783356,0.2543798073288759,0.0
0.3439000246509909,0.2661347971280623,0.0
0.36603995570599923,0.2777459728381917,0.0
0.3908311014001231,0.28097053648487424,0.0
0.41564780556630754,0.28399177676426923,0.0
0.44050437331951176,0.28666702399651633,0.0
0.46537715353633646,0.2891847242293455,0.0
0.4902777810436152,0.29141327040513154,0.0
0.5151888989685307,0.29351860185740186,0.0
0.5401192811149247,0.2953828444388922,0.0
0.5650569111862314,0.2971486678294628,0.0
0.5900080834330328,0.2987104049132814,0.0
0.6149642147863534,0.3001886001257379,0.0
0.6399304550875786,0.3014890304429674,0.0
0.6649005100861263,0.302710877995354,0.0
0.68987075581954,0.3039300552596149,0.0
0.714847486538402,0.305010377541338,0.0
0.7398413833952151,0.3055596939557734,0.0
0.7648371876006894,0.30601669469500514,0.0
0.7898329918061637,0.3055535904400575,0.0
0.8148299404208348,0.3051660171920947,0.0
0.8398299407933638,0.3051652542526302,0.0
0.8648299411658928,0.3052140823783578,0.0
0.8898259361062333,0.30566078343481884,0.0
0.9148221217814398,0.30609222570199,0.0
0.939820787009906,0.30634895483179214,0.0
0.964819261503506,0.3066354386007095,0.0
0.9898146842392481,0.30710960547789234,0.0
1.0148101069749902,0.3075914017497201,0.0
1.0398040038318033,0.3081426255128168,0.0
1.0647979006886163,0.3086942307456457,0.0
1.0897874106435086,0.3094197861763792,0.0
1.1147780650075976,0.3101045243457623,0.0
1.1397748228874025,0.31050811932247946,0.0
1.1647713900323413,0.31091934369384155,0.0
1.1897664312983511,0.31141296552736897,0.0
1.214761663299227,0.3119016282543772,0.0
1.2397555601560402,0.3124581925937253,0.0
1.2647498384825855,0.3129907243399419,0.0
1.2897464056275243,0.31340080430210726,0.0
1.3147433542421954,0.313792955186857,0.0
1.3397422102055276,0.3140462510890689,0.0
1.3647408754339938,0.3142930620058326,0.0
1.3897401128670583,0.3144990556612459,0.0
1.4147393503001229,0.31470047167987225,0.0
1.4397385877331874,0.31487060718045434,0.0
1.4647382066359842,0.3150365465139817,0.0
1.489737825538781,0.31517845325437754,0.0
1.5147374444415778,0.31531692676718315,0.0
1.5397370633443745,0.31543594532364416,0.0
1.5647366822471713,0.3155526750617117,0.0
1.5897366826197004,0.3156537645407571,0.0
1.6147363015224971,0.3157529466711413,0.0
1.6397363018950262,0.3158391588306291,0.0
1.664735920797823,0.3159238451111879,0.0
1.689735921170352,0.31599785023924376,0.0
1.714735921542881,0.31607032948837066,0.0
1.73973592191541,0.31613441640338813,0.0
1.7647355408182068,0.31619735890920886,0.0
1.7897355411907359,0.31625267202038465,0.0
1.8147355415632649,0.3163076036618282,0.0
1.839735541935794,0.3163556688480913,0.0
1.864735542308323,0.31640335256462215,0.0
1.889735542680852,0.31644569570490155,0.0
1.914735543053381,0.31648727590571646,0.0
1.93973554342591,0.31652465993947665,0.0
1.964735543798439,0.31656128103377235,0.0
1.9897351627012358,0.3165940874307456,0.0
2.014735163073765,0.3166261308882543,0.0
2.039735163446294,0.3166547411181728,0.0
2.064735163818823,0.31668335134809134,0.0
2.089735164191352,0.3167089098201519,0.0
2.114735164563881,0.31673408682248017,0.0
2.1397351649364102,0.31675659353668273,0.0
2.1647351653089393,0.31677871878115305,0.0
2.1897351656814683,0.31679893667696213,0.0
2.2147351660539973,0.31681877310303896,0.0
2.2397351664265264,0.31683670218045457,0.0
2.2647351667990554,0.3168542497881379,0.0
2.2897351671715844,0.3168702715168923,0.0
2.3147351675441135,0.3168859117759144,0.0
2.3397351679166425,0.3169004076257398,0.0
2.3647351682891715,0.3169145220058329,0.0
2.3897351686617005,0.31692711050699707,0.0
2.4147351690342296,0.3169396990081612,0.0
2.4397351694067586,0.3169511431001286,0.0
2.4647351697792876,0.3169622057223638,0.0
2.4897351701518167,0.31697250540513444,0.0
2.5147351705243457,0.31698242361817286,0.0
2.5397351708968747,0.31699119742201454,0.0
2.5647351712694038,0.3169999712258562,0.0
2.589735171641933,0.31700760062050115,0.0
2.614735172014462,0.31701484854541384,0.0
2.639735172386991,0.31702133353086204,0.0
2.66473517275952,0.31702705557684574,0.0
2.689735173132049,0.3170316332136327,0.0
2.714735173504578,0.3170350664412229,0.0
2.739735173877107,0.3170365923201519,0.0
2.764735174249636,0.3170365923201519,0.0
2.789735174622165,0.31703354056229394,0.0
2.814735174994694,0.3170266741071135,0.0
2.839735175367223,0.31701408560594935,0.0
2.864735175739752,0.31699463064960476,0.0
2.889735176112281,0.3169648760104895,0.0
2.91473517648481,0.3169210069912811,0.0
2.939735176857339,0.31685692007626365,0.0
2.964734795760136,0.31676422293132767,0.0
2.9897344146629328,0.316631852934238,0.0
3.0147336520959973,0.3164437883562403,0.0
3.0397325080593296,0.3161771410133998,0.0
3.0647294566740007,0.31580139332713664,0.0
3.0895394851198708,0.3127252214062981,0.0
3.1062032274336095,0.3313623066449498,0.0
3.1258313710366386,0.34684540013738463,0.0
3.1505174218195284,0.3507955192148007,0.0
3.1752084317089375,0.3547143577741725,0.0
3.19998489081837,0.3580484032340099,0.0
3.2247582981699443,0.3614080071659078,0.0
3.2495835854051043,0.3643590570145694,0.0
3.2743566112869464,0.3677194238859318,0.0
3.2992234787229213,0.37029396310886575,0.0
3.3148759447764737,0.3897874478964116,0.0
3.3389588919126814,0.3964967375471691,0.0
3.362689742486025,0.4043607360774377,0.0
3.3867379758765983,0.4111932404517109,0.0
3.409658966208382,0.421175158935414,0.0
3.424978790655415,0.4409310948987457,0.0
3.448901520504079,0.44819008243367087,0.0
3.471631013030275,0.4586003914266872,0.0
3.4720769511472716,0.48359657710189374,0.0
3.4951093306408714,0.49331795175847226,0.0
3.5165536516391276,0.5061692855681361,0.0
3.518546068050653,0.5310895587666256,0.0
3.5345586415314463,0.5502885489208769,0.0
3.5481893180040904,0.5712457330710539,0.0
3.561873018769517,0.5921682034755964,0.0
3.573174441057062,0.6144681610832823,0.0
3.5757745387520563,0.6393323582311314,0.0
3.5784822109115444,0.6641854927567454,0.0
3.5797670009697518,0.689152305262569,0.0
3.581127322034944,0.7141153030710701,0.0
3.5825147274511258,0.7390767750006422,0.0
3.5839330319156195,0.7640367210512853,0.0
3.585267794508751,0.7890008632689831,0.0
3.586604464450544,0.8139650054866809,0.0
3.587762988027378,0.8389383029779527,0.0
3.5889119748609053,0.8639119819389567,0.0
3.589860690085003,0.8888936717643379,0.0
3.590798342686866,0.9138761245291835,0.0
3.591584933274759,0.9388639178702807,0.0
3.5923600797706845,0.9638517112113778,0.0
3.593018877998275,0.9888433192497974,0.0
3.5936673765430944,1.013834927288217,0.0
3.594224703821907,1.0388284426752978,0.0
3.594771731417949,1.0638227210018432,0.0
3.595245898295132,1.0888181437375852,0.0
3.5957109098987408,1.1138135664733273,0.0
3.596116412224119,1.1388105150879984,0.0
3.5965142851548526,1.1638074637026694,0.0
3.596862948490126,1.1888047937870727,0.0
3.5972047453702194,1.2138025053412083,0.0
3.597505724988962,1.238800598365076,0.0
3.597800982561721,1.263799072858676,0.0
3.5980622893283103,1.2887975473522761,0.0
3.5983178740489157,1.3137964033156084,0.0
3.598545230009335,1.3387952592789407,0.0
3.598768008332967,1.363794115242273,0.0
3.5989667540634676,1.3887933526753375,0.0
3.5991613036269134,1.413792590108402,0.0
3.599335253824818,1.4387922090111989,0.0
3.5995057707951323,1.4637914464442634,0.0
3.5996587401577633,1.488790683877328,0.0
3.5998086577625363,1.513790684249857,0.0
3.5999433165780195,1.5387899216829215,0.0
3.600075305105377,1.5637899220554505,0.0
3.600194323661838,1.5887899224279796,0.0
3.6003110533999054,1.613789159861044,0.0
3.6004163390460056,1.6387891602335731,0.0
3.6005197173434444,1.6637891606061022,0.0
3.600613177427845,1.6887883980391667,0.0
3.600704730163584,1.7137883984116957,0.0
3.600787890565214,1.7387883987842248,0.0
3.600869525087915,1.7637883991567538,0.0
3.6009435302159707,1.7887883995292828,0.0
3.6010160094650976,1.8137883999018118,0.0
3.6010820037287763,1.8387876373348764,0.0
3.601146472113526,1.8637876377074054,0.0
3.6012055999220243,1.8887876380799344,0.0
3.6012632018515935,1.9137876384524635,0.0
3.6013158446746436,1.9387876388249925,0.0
3.601367724558229,1.9637876391975215,0.0
3.6014146453352955,1.9887876395700506,0.0
3.6014608031728974,2.0137876399425796,0.0
3.601503146313177,2.0387876403151086,0.0
3.6015447265139917,2.0637876406876376,0.0
3.601582492017484,2.0887876410601667,0.0
3.601619494581512,2.1137876414326957,0.0
3.601653445387682,2.1387876418052247,0.0
3.60168701472412,2.1637876421777538,0.0
3.6017175323026995,2.188787642550283,0.0
3.601747286941815,2.213787642922812,0.0
3.6017747527625366,2.238787643295341,0.0
3.601801455643794,2.26378764366787,0.0
3.6018258697066576,2.288787644040399,0.0
3.6018502837695214,2.313787644412928,0.0
3.6018724090139917,2.338787644785457,0.0
3.60189415278873,2.363787645157986,0.0
3.6019139892148067,2.388787645530515,0.0
3.6019334441711512,2.413787645903044,0.0
3.601951373248567,2.438787646275573,0.0
3.60196892085625,2.463787646648102,0.0
3.6019849425850046,2.488787647020631,0.0
3.6020005828440267,2.51378764739316,0.0
3.602015078693852,2.538787647765689,0.0
3.6020295745436774,2.5637876481382182,0.0
3.602042544514574,2.5887876485107473,0.0
3.602055133015738,2.6137876488832763,0.0
3.6020665771077054,2.638786886316341,0.0
3.6020776397299406,2.66378688668887,0.0
3.602087557942979,2.688786887061399,0.0
3.6020974761560174,2.713786887433928,0.0
3.602105868490127,2.738786887806457,0.0
3.6021142608242362,2.763786888178986,0.0
3.6021211272794167,2.788786888551515,0.0
3.6021272307951326,2.813786888924044,0.0
3.6021318084319196,2.838786889296573,0.0
3.602135623129242,2.863786889669102,0.0
3.602137149008171,2.888786890041631,0.0
3.602137149008171,2.91378689041416,0.0
3.602134097250313,2.938786890786689,0.0
3.602127993734597,2.9637868911592182,0.0
3.6021176940518265,2.9887868915317473,0.0
3.602101672323072,3.0137868919042763,0.0
3.6020787841391373,3.0387868922768053,0.0
3.6020463592118963,3.0637868926493343,0.0
3.6020017272532234,3.0887868930218634,0.0
3.6019414550355284,3.1137868933943924,0.0
3.6018598205128276,3.1387868937669214,0.0
3.6017511016391373,3.1637868941394505,0.0
3.6016156798841896,3.188786131572515,0.0
3.6014299041245854,3.2137853690055795,0.0
3.6011151915954818,3.2387838434991796,0.0
3.6007314330448414,3.2637807921138506,0.0
3.6000871306670765,3.2887724001522702,0.0
3.59936958610072,3.313762482311761,0.0
3.5982015257805804,3.338735016863568,0.0
3.59700447376079,3.3637060255364464,0.0
3.5953179960745265,3.388649568388603,0.0
3.593708193804445,3.4135976888775463,0.0
3.5917958860366914,3.438524447061484,0.0
3.5901258115489147,3.4634679899136405,0.0
3.588599551150195,3.4884214509788354,0.0
3.587582171374293,3.513400851985823,0.0
3.579898608027377,3.537190830367665,0.0
3.574800265055898,3.5616659283886225,0.0
3.5621286034901223,3.583215916502711,0.0
3.5435826895174776,3.5999807482954953,0.0
3.5230439776635754,3.6142339833711663,0.0
3.52087837399361,3.6391401421895626,0.0
3.5099095933125843,3.661604894721579,0.0
3.506577455201408,3.686382116770476,0.0
3.492518769689183,3.707054724500397,0.0
3.4707048045203797,3.7192678594480117,0.0
3.4511014564499467,3.734782233458491,0.0
3.4305764775064054,3.7490553049602386,0.0
3.4097257234115252,3.7628477245993555,0.0
3.388574752637367,3.77617627704406,0.0
3.3647798151490056,3.7838438186622216,0.0
3.34038139254423,3.7783918532489498,0.0
3.317885359494169,3.7892973099544225,0.0
3.2952550490983574,3.799921241997497,0.0
3.2725251751024294,3.810330788051049,0.0
3.249768598225244,3.8206815877658347,0.0
3.2269826481786756,3.8309675376261385,0.0
3.204195935192643,3.841251198668049,0.0
3.181407696327681,3.8515318079521013,0.0
3.157294994552358,3.858133523138365,0.0
3.1324422414964763,3.8608450099951757,0.0
3.1075109056757517,3.862695138196573,0.0
3.0825261640925126,3.863570229762347,0.0
3.057528452538377,3.8639059231267243,0.0
3.0325444738946024,3.8630178615900537,0.0
3.0078149355622363,3.8593504115842325,0.0
2.9852101836384852,3.848672310839179,0.0
2.969150307910893,3.829512612067349,0.0
2.94460463798947,3.834256569657571,0.0
2.9200471425063474,3.838939492090633,0.0
2.8954827805680443,3.843586556368864,0.0
2.8709130780534897,3.84820386600798,0.0
2.8463407052508094,3.852809731555128,0.0
2.8217671880389323,3.857407204768167,0.0
2.7971944337665198,3.8620100185574575,0.0
2.772623205373036,3.8666181729229994,0.0
2.7480546472676783,3.87124311195676,0.0
2.723488759450446,3.8758833097798107,0.0
2.698987340017964,3.8808500456936645,0.0
2.6744813429486944,3.8857954193025126,0.0
2.649973438530764,3.8907316376377867,0.0
2.6254632452944398,3.8956564118810935,0.0
2.6009530520581157,3.9005804231849357,0.0
2.576413867122141,3.905357950111595,0.0
2.5517335383852346,3.90934354587411,0.0
2.52704329143529,3.9132681064794657,0.0
2.503080125795008,3.920391672259443,0.0
2.4800000625848773,3.9300001318752766,0.0
2.453735589981079,3.9935665130615234,3.0890106658577845
