x,y,theta,s0,v,omega,w,time_elapsed
-0.048447708664009194,0.053001819876607834,0.001681272317345437,0.20944724208675325,0.06529824435710907,0.6794269680976868,1.0,0.20944724208675325
-0.048447708664009194,0.053001819876607834,0.001681272317345437,0.24997869809158146,0.15793150663375854,0.4477580785751343,1.0,0.040531456004828215
-0.048447708664009194,0.053001819876607834,0.001681272317345437,0.30004104413092136,0.16880737245082855,0.36260607838630676,1.0,0.0500623460393399
-0.048447708664009194,0.053001819876607834,0.001681272317345437,0.35003202105872333,0.1809888780117035,0.2630845308303833,1.0,0.04999097692780197
-0.048447708664009194,0.053001819876607834,0.001681272317345437,0.39996796916238964,0.18994438648223877,0.16488677263259888,1.0,0.049935948103666306
-0.048447708664009194,0.053001819876607834,0.001681272317345437,0.45002123015001416,0.19889004528522491,0.06679704785346985,1.0,0.050053260987624526
-0.048447708664009194,0.053001819876607834,0.001681272317345437,0.5000466119963676,0.20793242752552032,-0.030949322506785393,1.0,0.05002538184635341
-0.05513279706457766,0.0858628208139725,0.045463939360238514,0.549990464001894,0.2562439441680908,-0.7517592906951904,1.0,0.04994385200552642
-0.05513279706457766,0.0858628208139725,0.045463939360238514,0.5999968240503222,0.2699003517627716,-0.7519753575325012,1.0,0.05000636004842818
-0.06106138207910763,0.1059555455860809,0.041614093858464686,0.6500374220777303,0.26415708661079407,-0.7848957180976868,1.0,0.05004059802740812
-0.06106138207910763,0.1059555455860809,0.041614093858464686,0.699971211142838,0.2760210931301117,-0.7814290523529053,1.0,0.0499337890651077
-0.06058455643410686,0.11464232849971555,0.0016498968254257164,0.7503633361775428,0.2968595027923584,-0.7875340580940247,1.0,0.050392125034704804
-0.06058455643410686,0.11464232849971555,0.0016498968254257164,0.8000590791925788,0.3096303641796112,-0.784115731716156,1.0,0.04969574301503599
-0.043897602875794396,0.1231117046558815,-0.07712694560646095,0.849968230118975,0.28863272070884705,-0.7907266616821289,1.0,0.04990915092639625
-0.043897602875794396,0.1231117046558815,-0.07712694560646095,0.8999809972010553,0.30137863755226135,-0.7870398163795471,1.0,0.050012767082080245
-0.02396430137420722,0.1308292310321885,-0.15169306557985146,0.9499728670343757,0.2743642330169678,-0.7814909219741821,1.0,0.04999186983332038
-0.02396430137420722,0.1308292310321885,-0.15169306557985146,0.9999556341208518,0.2887764871120453,-0.7789531946182251,1.0,0.04998276708647609
0.0062787825512909965,0.1262480828438502,-0.22286152933866454,1.0603520961012691,0.2175655961036682,-0.7248356342315674,1.0,0.06039646198041737
0.0062787825512909965,0.1262480828438502,-0.22286152933866454,1.099971297197044,0.2366451770067215,-0.7212533354759216,1.0,0.03961920109577477
0.027224757046226945,0.11325576785170209,-0.2962506307993008,1.150584523100406,0.20023944973945618,-0.5764780044555664,1.0,0.050613225903362036
0.027224757046226945,0.11325576785170209,-0.2962506307993008,1.2002047840505838,0.21802420914173126,-0.5925641059875488,1.0,0.04962026095017791
0.05311582203736125,0.09882360415283734,-0.37955327602443245,1.2500591950956732,0.11349894851446152,0.5477741360664368,1.0,0.049854411045089364
0.05311582203736125,0.09882360415283734,-0.37955327602443245,1.299937100149691,0.13636495172977448,0.5212064981460571,1.0,0.0498779050540179
0.07082145481695372,0.08376290056657155,-0.44044429818283887,1.349237642501714,0.05868306756019592,0.6830016374588013,0.9852656722068787,0.0500378159340471
0.07082145481695372,0.08376290056657155,-0.44044429818283887,1.3984015569969865,0.07205096632242203,0.6844427585601807,0.9837831854820251,0.049974339082837105
0.09002097696648735,0.06566718565035139,-0.45606550975099885,1.4458288063046751,0.03296516463160515,0.6873040199279785,0.9483506679534912,0.050010245060548186
0.09002097696648735,0.06566718565035139,-0.45606550975099885,1.4932244921863596,0.045614298433065414,0.6891950368881226,0.9477280974388123,0.05000979290343821
0.10376205758187661,0.05823986835901052,-0.4148463923022121,1.5400856322517744,0.013000323437154293,0.6907652616500854,0.9365959763526917,0.05003346293233335
0.10376205758187661,0.05823986835901052,-0.4148463923022121,1.5867776483925007,0.025924768298864365,0.6921520233154297,0.934573233127594,0.04996078903786838
0.11509628091293858,0.051008299869068165,-0.35548920076458107,1.6333129449240218,0.0,0.6947507858276367,0.930873692035675,0.04999098903499544
0.11509628091293858,0.051008299869068165,-0.35548920076458107,1.6797531809453519,0.005987269338220358,0.6959179043769836,0.9284297823905945,0.05002019205130637
0.11852674015327035,0.05533194804864632,-0.2958042485869274,1.726362467254542,0.014588382095098495,0.694847822189331,0.9305186867713928,0.050089575815945864
0.11852674015327035,0.05533194804864632,-0.2958042485869274,1.7726962556786534,0.02782929502427578,0.6961856484413147,0.928245484828949,0.04991544713266194
0.1235921212139245,0.04666617462170451,-0.23278653240128241,1.8194788434203568,0.025620363652706146,0.7064532041549683,0.9301727414131165,0.05029451590962708
0.1235921212139245,0.04666617462170451,-0.23278653240128241,1.8655684070013208,0.038829509168863297,0.7068992257118225,0.9268653392791748,0.04972627805545926
0.12927057860565247,0.044462567990011435,-0.17410689677392388,1.9133356131535106,0.00952310860157013,0.713752269744873,0.9368204474449158,0.05098864599131048
0.12927057860565247,0.044462567990011435,-0.17410689677392388,1.9590826044646783,0.022440645843744278,0.7133598923683167,0.9343118667602539,0.04896329902112484
0.1304216381306905,0.044878788189083536,-0.11597025519820761,2.0060917058841583,0.03359667584300041,0.7161226272583008,0.9397843480110168,0.05002115806564689
0.1304216381306905,0.044878788189083536,-0.11597025519820761,2.0610531645090084,0.04653371125459671,0.7156161665916443,0.9374181628227234,0.058630673913285136
0.13278029551974163,0.04642079772644239,-0.05577295032565523,2.100078130719026,0.07290356606245041,0.7167806029319763,0.9427195191383362,0.04139615804888308
0.13278029551974163,0.04642079772644239,-0.05577295032565523,2.14709097746863,0.08310427516698837,0.7171435952186584,0.9405013918876648,0.04998700390569866
0.1413330345450895,0.04096773981743857,0.0028030184561088725,2.1949504536774094,0.05366845056414604,0.728696346282959,0.9525777697563171,0.05024206708185375
0.1413330345450895,0.04096773981743857,0.0028030184561088725,2.2422295702335995,0.0672096535563469,0.7283732891082764,0.9503346681594849,0.04974996508099139
0.14594493960604485,0.03927063022599272,0.06518570839530079,2.2901824191012534,0.06360921263694763,0.7373087406158447,0.9586998820304871,0.05001862393692136
0.14594493960604485,0.03927063022599272,0.06518570839530079,2.337975919357973,0.07975371181964874,0.7369484901428223,0.955970823764801,0.049994726898148656
0.15620487940450575,0.03680503461323972,0.13211074187354838,2.386408346459418,0.06734403222799301,0.7462067008018494,0.9671681523323059,0.05007653217762709
0.15620487940450575,0.03680503461323972,0.13211074187354838,2.434548648807147,0.08423759043216705,0.7457941174507141,0.9641165137290955,0.04993203794583678
0.16422475875275855,0.037115766749531424,0.19639192929542118,2.483444082443476,0.05427929386496544,0.7547608613967896,0.9765531420707703,0.05006940383464098
0.16422475875275855,0.037115766749531424,0.19639192929542118,2.5320463152816797,0.07149962335824966,0.7550143003463745,0.9739614129066467,0.04990159999579191
0.17620589213710963,0.0366891929885909,0.261071205593771,2.5814251413817138,0.06558015942573547,0.7676757574081421,0.9843239188194275,0.05016522016376257
0.17620589213710963,0.0366891929885909,0.261071205593771,2.6303497413196935,0.08306575566530228,0.7681664228439331,0.9817621111869812,0.04983345698565245
0.18048884164607262,0.037424691255298445,0.3320726702673759,2.6799545940285205,0.1075967475771904,0.777169942855835,0.9890152812004089,0.05015580006875098
0.18048884164607262,0.037424691255298445,0.3320726702673759,2.72914843054112,0.12491637468338013,0.7778525948524475,0.9868415594100952,0.04984978190623224
0.1900679478487004,0.037739545400661885,0.39838883503251804,2.779215351469777,0.10716482996940613,0.7950775623321533,1.0,0.050066920928657055
0.1900679478487004,0.037739545400661885,0.39838883503251804,2.829177040630914,0.12409866601228714,0.7962668538093567,1.0,0.049961689161136746
0.20289186268587514,0.038000353032859674,0.4693020053218837,2.879144878616519,0.13209478557109833,0.8,1.0,0.049967837985605
0.20289186268587514,0.038000353032859674,0.4693020053218837,2.929268887523524,0.14904659986495972,0.8,1.0,0.05012400890700519
0.2188214426943683,0.040576376809751964,0.5386412594164873,2.979104667460508,0.1309112310409546,0.8,1.0,0.04983577993698418
0.2188214426943683,0.040576376809751964,0.5386412594164873,3.05857257547412,0.14778782427310944,0.8,1.0,0.07946790801361203
0.2188214426943683,0.040576376809751964,0.5386412594164873,3.087168642576746,0.1765914112329483,0.8,1.0,0.028596067102625966
0.2284477814959052,0.047034034429290855,0.6134811055646827,3.1291712434272836,0.1914600282907486,0.8,1.0,0.04200260085053742
0.23859390676273737,0.051543868035463285,0.6880902961284653,3.1803996945041786,0.21154944598674774,0.8,1.0,0.051228451076895
0.23859390676273737,0.051543868035463285,0.6880902961284653,3.229152649432383,0.23002992570400238,0.8,1.0,0.04875295492820442
0.23859390676273737,0.051543868035463285,0.6880902961284653,3.2791665415521334,0.24761737883090973,0.7994175553321838,1.0,0.05001389211975038
0.2529653476235518,0.06202081528356618,0.7667798327877388,3.3291149805541704,0.24374321103096008,0.7913467884063721,1.0,0.04994843900203705
0.2529653476235518,0.06202081528356618,0.7667798327877388,3.3794336056112866,0.2618624269962311,0.7897039651870728,1.0,0.05031862505711615
0.2669617508125802,0.07605591443808557,0.8475707118789384,3.4291784465554724,0.2521284520626068,0.7799265384674072,1.0,0.04974484094418585
0.2669617508125802,0.07605591443808557,0.8475707118789384,3.4793115644957493,0.30727770924568176,0.8,1.0,0.05013311794027686
0.2805243274183782,0.0908851590539304,0.9297210823734208,3.5293207485470544,0.27045315504074097,0.781507134437561,1.0,0.050009184051305056
0.2805243274183782,0.0908851590539304,0.9297210823734208,3.5791565834320704,0.2835479974746704,0.781887412071228,1.0,0.049835834885016084
0.2950105094272573,0.11133147180466828,1.0067837223238822,3.629205676518343,0.22200827300548553,0.7126753926277161,1.0,0.05004909308627248
0.2950105094272573,0.11133147180466828,1.0067837223238822,3.679194790568165,0.23589274287223816,0.7124741077423096,1.0,0.04998911404982209
0.3080916487145887,0.13269258343597784,1.083895747910563,3.729198619514666,0.17752382159233093,0.5202767252922058,1.0,0.05000382894650102
0.3080916487145887,0.13269258343597784,1.083895747910563,3.779194408586211,0.19293636083602905,0.5594334006309509,1.0,0.049995789071545005
0.31994098029970686,0.15448237730509082,1.1520443731574666,3.829138003546707,0.1317838877439499,-0.28001782298088074,1.0,0.04994359496049583
0.31994098029970686,0.15448237730509082,1.1520443731574666,3.8792730914670597,0.14868582785129547,-0.21226520836353302,1.0,0.05013508792035282
0.3278123214159124,0.17426948853712923,1.2117494342561672,3.9292180645521353,0.04532162472605705,-0.6752651929855347,1.0,0.04994497308507562
0.3278123214159124,0.17426948853712923,1.2117494342561672,3.979214559566192,0.06054169684648514,-0.6764165163040161,1.0,0.04999649501405656
0.3341570396071951,0.19420143386794794,1.2312794544021117,4.02856123234447,0.019810006022453308,-0.6751330494880676,0.9889944195747375,0.04989580507390201
0.3341570396071951,0.19420143386794794,1.2312794544021117,4.084573414628271,0.033819638192653656,-0.6778666377067566,0.9900486469268799,0.056575181894004345
0.3371485417594186,0.20437237966069752,1.197614168083206,4.127008776301539,0.020086269825696945,-0.6775203943252563,0.9761135578155518,0.04347379598766565
0.3371485417594186,0.20437237966069752,1.197614168083206,4.175842500391915,0.03213268518447876,-0.679865300655365,0.9770253300666809,0.04998204507865012
0.33888984214743295,0.21003874337805017,1.1335746227765897,4.22440943377264,0.028294116258621216,-0.6797913908958435,0.9710002541542053,0.05001742602325976
0.33888984214743295,0.21003874337805017,1.1335746227765897,4.273478978624592,0.04213062673807144,-0.6824524998664856,0.9720378518104553,0.05048110499046743
0.3408219049269721,0.2132502485897453,1.0735472638052495,4.321578141168379,0.04177048057317734,-0.6827770471572876,0.9704121947288513,0.049565702909603715
0.3408219049269721,0.2132502485897453,1.0735472638052495,4.37020203067677,0.055412162095308304,-0.6852036118507385,0.9711546301841736,0.05006812303327024
0.3432658305278355,0.21868464408269936,1.0177896981091508,4.418344686555404,0.04963548108935356,-0.6848459839820862,0.9654611945152283,0.04986493103206158
0.3432658305278355,0.21868464408269936,1.0177896981091508,4.466681680071537,0.06330505758523941,-0.6872568726539612,0.9662042260169983,0.05002771900035441
0.34879839656456324,0.22471810882909085,0.9564022909949588,4.514727168169562,0.04769322648644447,-0.6851850748062134,0.9611368775367737,0.04998818505555391
0.34879839656456324,0.22471810882909085,0.9564022909949588,4.562841652841444,0.06134936213493347,-0.6875852346420288,0.9618783593177795,0.05002138181589544
0.35069838561560923,0.22504478650669515,0.8932483718216021,4.611033242043198,0.0661197379231453,-0.688072144985199,0.9650713801383972,0.04993577697314322
0.35069838561560923,0.22504478650669515,0.8932483718216021,4.659394168206185,0.07957141101360321,-0.6904341578483582,0.9659028649330139,0.05006810510531068
0.3549962816826195,0.23111919140513254,0.8340366442503471,4.70765722442543,0.06613821536302567,-0.6897950768470764,0.96181720495224,0.05017903191037476
0.3549962816826195,0.23111919140513254,0.8340366442503471,4.755595144385856,0.07882165908813477,-0.6914169192314148,0.9610013365745544,0.0498833020683378
0.35882888752955827,0.2376914883556259,0.7723174846091784,4.8035897279249165,0.06495477259159088,-0.6930626034736633,0.9616186022758484,0.049910207046195865
0.35882888752955827,0.2376914883556259,0.7723174846091784,4.851779907159062,0.07758349925279617,-0.6946620941162109,0.9608058333396912,0.050156001932919025
0.3649941005358026,0.24140758569597137,0.7130848793352729,4.899943312071352,0.06216304749250412,-0.6945407390594482,0.9645934700965881,0.049931298941373825
0.3649941005358026,0.24140758569597137,0.7130848793352729,4.948109776855029,0.074336476624012,-0.6961786150932312,0.9639407992362976,0.049968281062319875
0.37062719613215656,0.2482314315781353,0.6512142517766433,4.996300480045928,0.05323529243469238,-0.6976658701896667,0.9654526114463806,0.049915140960365534
0.37062719613215656,0.2482314315781353,0.6512142517766433,5.067249735641522,0.0646044909954071,-0.6984871625900269,0.9650510549545288,0.07351865503005683
0.3725774590062379,0.2502704037120955,0.58741606181474,5.0929257232469,0.07143823802471161,-0.7011751532554626,0.9694449305534363,0.026485246140509844
0.3725774590062379,0.2502704037120955,0.58741606181474,5.141452028815262,0.07882118970155716,-0.701537549495697,0.9691639542579651,0.05007027485407889
0.3762301157044702,0.2541249635970332,0.5301050633030848,5.19007129602057,0.07333012670278549,-0.704208254814148,0.9723603129386902,0.05000128713436425
0.3762301157044702,0.2541249635970332,0.5301050633030848,5.238644774228526,0.08732082694768906,-0.7048813104629517,0.9718285202980042,0.049981531919911504
0.3817272773066164,0.2551374091839262,0.4656150033860204,5.2876552142191535,0.08244971185922623,-0.7059671878814697,0.9788532853126526,0.05006923992186785
0.3817272773066164,0.2551374091839262,0.4656150033860204,5.336403614633784,0.09681181609630585,-0.7066643834114075,0.9782344698905945,0.04983304301276803
0.3912345300922366,0.2583611869068224,0.4039686345943168,5.385804150476081,0.07636088877916336,-0.7083536386489868,0.986090362071991,0.050097372150048614
0.3912345300922366,0.2583611869068224,0.4039686345943168,5.434963215383434,0.09007826447486877,-0.7080942988395691,0.983995258808136,0.049958640011027455
0.400156571492661,0.2614918013596021,0.3438963897721796,5.484616719138046,0.07455822825431824,-0.7121500968933105,0.992777407169342,0.050014739856123924
0.400156571492661,0.2614918013596021,0.3438963897721796,5.534267260586644,0.08943871408700943,-0.7119026780128479,0.9903579950332642,0.05013393308036029
0.41137233317382815,0.26411755088218625,0.2824404322325331,5.5841424148609065,0.07364033162593842,-0.7162716388702393,0.9989238977432251,0.04992888285778463
0.41137233317382815,0.26411755088218625,0.2824404322325331,5.633911910139434,0.08810524642467499,-0.7161604166030884,0.9966917634010315,0.04993469105102122
0.4215489412332887,0.2649036397785443,0.2269846339648732,5.683959946174585,0.07339953631162643,-0.719063401222229,1.0,0.05004803603515029
0.4215489412332887,0.2649036397785443,0.2269846339648732,5.7339063101899255,0.08767539262771606,-0.7187129259109497,1.0,0.049946364015340805
0.42963337104657795,0.26601412060961227,0.1692731420941402,5.783854914268889,0.08073640614748001,-0.7231100797653198,1.0,0.0499486040789634
0.42963337104657795,0.26601412060961227,0.1692731420941402,5.833998528214582,0.0959790050983429,-0.7231648564338684,1.0,0.05014361394569278
0.43546614380643217,0.26605878755035717,0.11131599298501649,5.8839430202715475,0.09972818940877914,-0.7271775603294373,1.0,0.04994449205696583
0.43546614380643217,0.26605878755035717,0.11131599298501649,5.934057264261358,0.11557121574878693,-0.7278367280960083,1.0,0.05011424398981035
0.4449445574431125,0.26612345345704086,0.05057425777711559,5.984047429075875,0.11578548699617386,-0.7289634943008423,1.0,0.0499901648145169
0.4449445574431125,0.26612345345704086,0.05057425777711559,6.03389757023979,0.13266991078853607,-0.7291775345802307,1.0,0.049850141163915396
0.4449445574431125,0.26612345345704086,0.05057425777711559,6.092576923219897,0.14950042963027954,-0.7293727397918701,1.0,0.05867935298010707
0.45430359064418263,0.26839517551866393,-0.011693789227906166,6.133888858275898,0.15160252153873444,-0.7310449481010437,1.0,0.04131193505600095
0.45430359064418263,0.26839517551866393,-0.011693789227906166,6.1839220311012495,0.16545411944389343,-0.7311803102493286,1.0,0.05003317282535136
0.465532053011575,0.26624425537166824,-0.07344457959125532,6.233965467101373,0.16773375868797302,-0.6907974481582642,1.0,0.05004343600012362
0.465532053011575,0.26624425537166824,-0.07344457959125532,6.284002045074888,0.1837712526321411,-0.6536493301391602,1.0,0.050036577973514795
0.47875018338524095,0.26402681008606127,-0.13703514771038355,6.333983450102099,0.1393597424030304,-0.3857289254665375,1.0,0.04998140502721071
0.47875018338524095,0.26402681008606127,-0.13703514771038355,6.383915963255279,0.14963315427303314,-0.3161771893501282,1.0,0.04993251315318048
0.4930310398567555,0.2602579699282513,-0.20010315290224043,6.433930406252332,0.10303355008363724,0.06459452956914902,1.0,0.050014442997053266
0.4930310398567555,0.2602579699282513,-0.20010315290224043,6.483910712086074,0.11617080867290497,0.13928532600402832,1.0,0.04998030583374202
0.5099383936111979,0.25529355631256645,-0.2545654914006119,6.53393667717319,0.06871569156646729,0.45271000266075134,1.0,0.050025965087115765
0.5099383936111979,0.25529355631256645,-0.2545654914006119,6.583876502139904,0.08001824468374252,0.5183660387992859,1.0,0.049939824966713786
0.5255655988558662,0.2500383815565818,-0.26711342914614583,6.6341427111983675,0.05024844780564308,0.6770340204238892,1.0,0.05026620905846357
0.5255655988558662,0.2500383815565818,-0.26711342914614583,6.683865735212751,0.05875728651881218,0.7084259986877441,1.0,0.049723024014383554
0.5255655988558662,0.2500383815565818,-0.26711342914614583,6.73391450513009,0.06724661588668823,0.7300127148628235,1.0,0.05004876991733909
0.5255655988558662,0.2500383815565818,-0.26711342914614583,6.7839611781746525,0.07964983582496643,0.7337714433670044,1.0,0.05004667304456234
0.5410873855081074,0.24767662850325467,-0.18457777190380165,6.833906504230984,0.10628397017717361,0.5431413054466248,1.0,0.049945326056331396
0.5410873855081074,0.24767662850325467,-0.18457777190380165,6.883901310291551,0.12791340053081512,0.5056988596916199,1.0,0.0499948060605675
0.55061050272329,0.24566475005415267,-0.12256689412003083,6.933918532122337,0.12819063663482666,0.3381912410259247,1.0,0.050017221830785275
0.55061050272329,0.24566475005415267,-0.12256689412003083,6.983898863101788,0.143148735165596,0.2687872052192688,1.0,0.04998033097945154
0.5627395245028934,0.24393643291312178,-0.07215632395693614,7.034298488077186,0.07000692933797836,0.6884785890579224,1.0,0.05039962497539818
0.5627395245028934,0.24393643291312178,-0.07215632395693614,7.083930099288412,0.08520131558179855,0.6791517734527588,1.0,0.04963161121122539
0.5794454464409122,0.2419940677309662,-0.038089115230465334,7.142532721300088,0.06206203252077103,0.6841844916343689,1.0,0.05860262201167643
0.5794454464409122,0.2419940677309662,-0.038089115230465334,7.183893930305206,0.08394302427768707,0.653864324092865,1.0,0.041361209005117416
0.5931133841437697,0.24199633208360083,0.004791113482815713,7.233879909290411,0.03592813014984131,0.6946089863777161,1.0,0.04998597898520529
0.5931133841437697,0.24199633208360083,0.004791113482815713,7.283909924233742,0.05115056410431862,0.6870506405830383,1.0,0.05003001494333148
0.605088832099274,0.23932869840020962,0.06502586166454839,7.333874470226877,0.02320735529065132,0.6959770321846008,1.0,0.04996454599313438
0.605088832099274,0.23932869840020962,0.06502586166454839,7.384072922075577,0.0392250157892704,0.6969029307365417,1.0,0.05019845184870064
0.6152774104806399,0.23902519705085426,0.12891041631262093,7.433968952296712,0.022524533793330193,0.6988745927810669,1.0,0.049896030221134424
0.6152774104806399,0.23902519705085426,0.12891041631262093,7.483879878091105,0.03794146329164505,0.6998460292816162,1.0,0.049910925794392824
0.6201344611618332,0.23747019431637767,0.19524916898650496,7.533953144120463,0.049098070710897446,0.6994434595108032,1.0,0.05007326602935791
0.6201344611618332,0.23747019431637767,0.19524916898650496,7.583959375180714,0.06274467706680298,0.6882009506225586,1.0,0.050006231060251594
0.6230740994424374,0.2376264111135733,0.2649141882679925,7.63392358519923,0.06500343978404999,0.6528865098953247,1.0,0.04996421001851559
0.6230740994424374,0.2376264111135733,0.2649141882679925,7.6839169661034274,0.08438487350940704,0.6090981364250183,1.0,0.04999338090419769
0.6298413637233435,0.23983085681790964,0.32753331799023827,7.733894866098129,0.0971827507019043,0.39565861225128174,1.0,0.04997789999470115
0.6298413637233435,0.23983085681790964,0.32753331799023827,7.7839400562443215,0.10778740048408508,0.2934379279613495,1.0,0.05004519014619291
0.6396736616236335,0.24113232000601836,0.38867083456057394,7.833923971185871,0.09572552144527435,0.19421344995498657,1.0,0.0499839149415493
0.6396736616236335,0.24113232000601836,0.38867083456057394,7.883907599280067,0.10778018087148666,0.09258260577917099,1.0,0.04998362809419632
0.6396736616236335,0.24113232000601836,0.38867083456057394,7.9339436822556335,0.11983463168144226,-0.009048107080161572,1.0,0.05003608297556639
0.6396736616236335,0.24113232000601836,0.38867083456057394,7.983890690280535,0.13201411068439484,-0.09932341426610947,1.0,0.04994700802490115
0.6558299091719193,0.24950858993489122,0.4444786334565104,8.034034695148879,0.08792814612388611,-0.4506610035896301,1.0,0.05014400486834347
0.6558299091719193,0.24950858993489122,0.4444786334565104,8.083914376235047,0.10234279930591583,-0.5194611549377441,1.0,0.04987968108616769
0.6558299091719193,0.24950858993489122,0.4444786334565104,8.150690778296852,0.11564770340919495,-0.5708994269371033,1.0,0.06677640206180513
0.665033965143696,0.2554118468232576,0.4405939757324658,8.183908132275977,0.10795946419239044,-0.4963940978050232,1.0,0.03321735397912562
0.665033965143696,0.2554118468232576,0.4405939757324658,8.23400943809975,0.11704014241695404,-0.5469558238983154,1.0,0.050101305823773146
0.665033965143696,0.2554118468232576,0.4405939757324658,8.283972755212748,0.1307893544435501,-0.6129290461540222,1.0,0.049963317112997174
0.6834351195413996,0.26282897028727836,0.3554022662569052,8.333903650192955,0.08663593977689743,-0.6181579828262329,1.0,0.049930894980207086
0.6834351195413996,0.26282897028727836,0.3554022662569052,8.383976569304654,0.1013336330652237,-0.672045111656189,1.0,0.050072919111698866
0.6952685779082508,0.266085993316834,0.30506849439559525,8.433914386107066,0.08778241276741028,-0.5291659832000732,1.0,0.04993781680241227
0.6952685779082508,0.266085993316834,0.30506849439559525,8.483971014291459,0.10349147766828537,-0.6120815277099609,1.0,0.05005662818439305
0.6952685779082508,0.266085993316834,0.30506849439559525,8.533928662211114,0.11853216588497162,-0.6632391810417175,1.0,0.049957647919654846
0.7035479469905772,0.2696028464398408,0.2508630469520316,8.583951362081283,0.10817120224237442,-0.4815227687358856,1.0,0.05002269987016916
0.7035479469905772,0.2696028464398408,0.2508630469520316,8.634321518147775,0.1247258186340332,-0.5654946565628052,1.0,0.0503701560664922
0.7035479469905772,0.2696028464398408,0.2508630469520316,8.683883303216138,0.13993114233016968,-0.6209166049957275,1.0,0.04956178506836295
0.7035479469905772,0.2696028464398408,0.2508630469520316,8.733997965136954,0.21028836071491241,0.0801924541592598,1.0,0.050114661920815706
0.7226384095532927,0.2746739557814261,0.15177614518646088,8.783958734151387,0.15715831518173218,-0.021305328235030174,1.0,0.049960769014433026
0.7226384095532927,0.2746739557814261,0.15177614518646088,8.833970310304725,0.1667296290397644,0.06813831627368927,1.0,0.050011576153337955
0.7395569180170327,0.2762609414920014,0.10184203486105459,8.883878573215046,0.12519048154354095,0.027485033497214317,1.0,0.049908262910321355
0.7395569180170327,0.2762609414920014,0.10184203486105459,8.93395101316128,0.13480061292648315,0.11666982620954514,1.0,0.050072439946234226
0.7565873698164067,0.277499507213424,0.09430488808819883,8.983971366098562,0.10048934817314148,-0.04200142249464989,1.0,0.05002035293728113
0.7565873698164067,0.277499507213424,0.09430488808819883,9.034305468107053,0.11000573635101318,0.03129741549491882,1.0,0.050334102008491755
0.7718264569387076,0.2808595246095236,0.101349038656643,9.08412301018689,0.08415791392326355,-0.25310656428337097,1.0,0.04981754207983613
0.7718264569387076,0.2808595246095236,0.101349038656643,9.133940437248388,0.09280706942081451,-0.17792223393917084,1.0,0.049817427061498165
0.7854340717985864,0.2816974648372983,0.10804589006459932,9.184839335175642,0.0671432614326477,-0.31570965051651,1.0,0.05089889792725444
0.7854340717985864,0.2816974648372983,0.10804589006459932,9.233917428085991,0.07866839319467545,-0.25111478567123413,1.0,0.04907809291034937
0.7854340717985864,0.2816974648372983,0.10804589006459932,9.283971629243755,0.0890670195221901,-0.1941278725862503,1.0,0.0500542011577636
0.7854340717985864,0.2816974648372983,0.10804589006459932,9.333920115277582,0.09980892390012741,-0.13158324360847473,1.0,0.049948486033827066
0.803751082156441,0.2819948320521505,0.07552930718030165,9.38387727215741,0.057584796100854874,-0.22753891348838806,1.0,0.04995715687982738
0.803751082156441,0.2819948320521505,0.07552930718030165,9.43393981726695,0.06866332143545151,-0.16545450687408447,1.0,0.050062545109540224
0.803751082156441,0.2819948320521505,0.07552930718030165,9.48389559718635,0.08016644418239594,-0.0952698364853859,1.0,0.04995577991940081
0.803751082156441,0.2819948320521505,0.07552930718030165,9.533914494233617,0.09146842360496521,-0.02516583353281021,1.0,0.050018897047266364
0.8194043007823708,0.2825224180569049,0.045935695241457804,9.58390154307563,0.05624620243906975,-0.10447046160697937,1.0,0.04998704884201288
0.8194043007823708,0.2825224180569049,0.045935695241457804,9.633926647155025,0.06760796904563904,-0.030105162411928177,1.0,0.05002510407939553
0.8194043007823708,0.2825224180569049,0.045935695241457804,9.683875055190587,0.07863513380289078,0.05650482699275017,1.0,0.04994840803556144
0.8194043007823708,0.2825224180569049,0.045935695241457804,9.733938402168864,0.09040477871894836,0.13251164555549622,1.0,0.05006334697827697
0.8369882339649826,0.2828084407358527,0.03393855769337186,9.783950993230977,0.0538199208676815,-0.002872886834666133,1.0,0.05001259106211364
0.8369882339649826,0.2828084407358527,0.03393855769337186,9.833895128125736,0.06563535332679749,0.07289372384548187,1.0,0.04994413489475846
0.8369882339649826,0.2828084407358527,0.03393855769337186,9.883969252136016,0.07760544121265411,0.1542343944311142,1.0,0.050074124010279775
0.8369882339649826,0.2828084407358527,0.03393855769337186,9.93396338810999,0.08976110816001892,0.2397582232952118,1.0,0.04999413597397506
0.8528932888757141,0.2851851556505715,0.046354519670683596,9.98394353724871,0.0642976239323616,-0.05127041041851044,1.0,0.04998014913871884
0.8528932888757141,0.2851851556505715,0.046354519670683596,10.033903553288841,0.07639086246490479,0.03386789187788963,1.0,0.04996001604013145
0.8528932888757141,0.2851851556505715,0.046354519670683596,10.083888707122245,0.08833160996437073,0.12557880580425262,1.0,0.04998515383340418
0.8528932888757141,0.2851851556505715,0.046354519670683596,10.13390234429244,0.10020565241575241,0.2270069420337677,1.0,0.05001363717019558
0.8705458058708088,0.2854682834458035,0.06591197466423632,10.225660448100829,0.06917329132556915,0.011905305087566376,1.0,0.09175810380838811
0.8705458058708088,0.2854682834458035,0.06591197466423632,10.258377304206082,0.09003826230764389,0.17279277741909027,1.0,0.0327168561052531
0.8705458058708088,0.2854682834458035,0.06591197466423632,10.292833567269557,0.09785563498735428,0.23032015562057495,1.0,0.03445626306347549
0.8705458058708088,0.2854682834458035,0.06591197466423632,10.334010018174016,0.1060885637998581,0.29091107845306396,1.0,0.04117645090445876
0.8902786264503973,0.2877914797947421,0.09515742795730027,10.383870351266527,0.07188381999731064,-0.11190765351057053,1.0,0.0498603330925107
0.8902786264503973,0.2877914797947421,0.09515742795730027,10.433889955187627,0.08379919081926346,-0.024252980947494507,1.0,0.0500196039211005
0.8902786264503973,0.2877914797947421,0.09515742795730027,10.48331567476807,0.0,-0.6799740195274353,0.988231360912323,0.050014320062473416
0.8902786264503973,0.2877914797947421,0.09515742795730027,10.71324015205858,0.0,-0.6796941757202148,0.9863982200622559,0.2330949839670211
0.9095420739644261,0.2905259243096892,0.1236771205385813,10.751247307752623,0.0,-0.6879667043685913,0.9883999228477478,0.03845321596600115
0.9095420739644261,0.2905259243096892,0.1236771205385813,10.784994186268342,0.0,-0.6881418824195862,0.9874467253684998,0.03417589794844389
0.9095420739644261,0.2905259243096892,0.1236771205385813,10.828786323210746,0.0,-0.6882822513580322,0.9865933656692505,0.04438722017221153
0.9095420739644261,0.2905259243096892,0.1236771205385813,10.877941473444743,0.0,-0.6884489059448242,0.9854860901832581,0.04987909086048603
0.9095420739644261,0.2905259243096892,0.1236771205385813,10.927197651930365,0.0,-0.6887539029121399,0.9844467043876648,0.05003437795676291
0.9095420739644261,0.2905259243096892,0.1236771205385813,10.976405487222857,0.0,-0.6891809701919556,0.983615517616272,0.05002751015126705
0.907335429732079,0.28950049402780803,0.02342037509256108,11.02608985597262,0.0,-0.690632700920105,0.9897712469100952,0.05019782995805144
0.907335429732079,0.28950049402780803,0.02342037509256108,11.075343235386654,0.0,-0.6909987926483154,0.9890205264091492,0.04980015894398093
0.9084257599792807,0.28964028415967347,-0.03756890616048018,11.125041082460466,0.0,-0.6951611042022705,0.9931398034095764,0.050041139125823975
0.9084257599792807,0.28964028415967347,-0.03756890616048018,11.17457041718708,0.0,-0.6955524682998657,0.9922518134117126,0.04991609393619001
0.9063591626224461,0.287664618690651,-0.09732375761951687,11.234969146486769,0.0,-0.6956424713134766,0.9945343136787415,0.06073066405951977
0.9063591626224461,0.287664618690651,-0.09732375761951687,11.27396741231387,0.0,-0.6958282589912415,0.9932677149772644,0.039262592792510986
0.9044132745202487,0.2865073414866096,-0.15293941871310102,11.323827557788995,0.0,-0.6978458166122437,0.9969521760940552,0.05001257499679923
0.9044132745202487,0.2865073414866096,-0.15293941871310102,11.373621659134066,0.0,-0.6986507773399353,0.9967598915100098,0.04995596408843994
0.9047026706146382,0.28476664054238987,-0.21384519373690258,11.423747215200699,0.005917288828641176,-0.7023800015449524,1.0,0.05012555606663227
0.9047026706146382,0.28476664054238987,-0.21384519373690258,11.473622150034195,0.015321686863899231,-0.7036035060882568,1.0,0.04987493483349681
0.9073687348024704,0.28412383666430724,-0.27404487143918654,11.523658825098089,0.015284532681107521,-0.7086079716682434,1.0,0.0500366750638932
0.9073687348024704,0.28412383666430724,-0.27404487143918654,11.573667925097531,0.02464393898844719,-0.7096703052520752,1.0,0.0500090999994427
0.9083218111714123,0.28359537966101483,-0.33271495585105043,11.62366377703335,0.03070204146206379,-0.7138440608978271,1.0,0.04999585193581879
0.9083218111714123,0.28359537966101483,-0.33271495585105043,11.673649988150707,0.03914671763777733,-0.7147168517112732,1.0,0.049986211117357016
0.9056018291964266,0.283428467061932,-0.3938865559819047,11.723718323059863,0.05897263437509537,-0.7164179682731628,1.0,0.050068334909155965
0.9056018291964266,0.283428467061932,-0.3938865559819047,11.773705383077747,0.06741201877593994,-0.7169609665870667,1.0,0.04998706001788378
0.9075115085564217,0.2807559382933287,-0.4550639123542437,11.823734120246506,0.06877854466438293,-0.7176883220672607,1.0,0.05002873716875911
0.9075115085564217,0.2807559382933287,-0.4550639123542437,11.87366735820148,0.07633145153522491,-0.7181076407432556,1.0,0.049933237954974174
0.909421568013158,0.2807444276073276,-0.5160005439013503,11.923689641071967,0.07864688336849213,-0.7206053137779236,1.0,0.05002228287048638
0.909421568013158,0.2807444276073276,-0.5160005439013503,11.973622134201712,0.08786779642105103,-0.720413863658905,1.0,0.049932493129745126
0.9144143387987749,0.2754067147172845,-0.5800670778716641,12.023661217200122,0.07970820367336273,-0.7182804942131042,1.0,0.05003908299840987
0.9144143387987749,0.2754067147172845,-0.5800670778716641,12.073651651166863,0.08733908087015152,-0.7178187966346741,1.0,0.049990433966740966
0.9211368675702113,0.2698818811826554,-0.643025378045915,12.12365376415152,0.06971441209316254,-0.6852807998657227,1.0,0.05000211298465729
0.9211368675702113,0.2698818811826554,-0.643025378045915,12.173715076189971,0.07857748866081238,-0.6767099499702454,1.0,0.05006131203845143
0.9268600996083636,0.2652937912140868,-0.7084591409950276,12.223652679253853,0.07375719398260117,-0.5476734638214111,1.0,0.0499376030638814
0.9268600996083636,0.2652937912140868,-0.7084591409950276,12.273590901181585,0.07817167043685913,-0.5198697447776794,1.0,0.04993822192773223
0.9289273190986577,0.26172742097813534,-0.7712785444762202,12.323668230105675,0.06339599192142487,-0.24314765632152557,1.0,0.05007732892408967
0.9289273190986577,0.26172742097813534,-0.7712785444762202,12.373682238175086,0.06836925446987152,-0.19765806198120117,1.0,0.05001400806941092
0.933465029118183,0.25541112589516063,-0.8279842672889638,12.423673196243605,0.05505805090069771,0.02814556285738945,1.0,0.04999095806851983
0.933465029118183,0.25541112589516063,-0.8279842672889638,12.473658271147421,0.061836108565330505,0.06742975115776062,1.0,0.049985074903815985
0.933465029118183,0.25541112589516063,-0.8279842672889638,12.523734367233253,0.06854424625635147,0.1112152487039566,1.0,0.05007609608583152
0.933465029118183,0.25541112589516063,-0.8279842672889638,12.573631819118297,0.07528432458639145,0.1545865684747696,1.0,0.049897451885044575
0.933465029118183,0.25541112589516063,-0.8279842672889638,12.62386968616817,0.08212772756814957,0.19380375742912292,1.0,0.050237867049872875
0.933465029118183,0.25541112589516063,-0.8279842672889638,12.673714864081255,0.08902160078287125,0.23331071436405182,1.0,0.049845177913084626
0.9461773626024601,0.2412397170829407,-0.8459004298615346,12.723647322053573,0.05048062652349472,0.37051671743392944,1.0,0.049932457972317934
0.9461773626024601,0.2412397170829407,-0.8459004298615346,12.773617068086303,0.05728910490870476,0.4096950590610504,1.0,0.049969746032729745
0.9461773626024601,0.2412397170829407,-0.8459004298615346,12.823660338078177,0.06455281376838684,0.4461139440536499,1.0,0.050043269991874695
0.9461773626024601,0.2412397170829407,-0.8459004298615346,12.873672412256262,0.07227134704589844,0.4798358082771301,1.0,0.05001207417808473
0.9608143382822705,0.22943402401481475,-0.7930023488975589,12.923840431044361,0.03494887799024582,0.3613288402557373,1.0,0.05016801878809929
0.9608143382822705,0.22943402401481475,-0.7930023488975589,12.973625200115627,0.041936878114938736,0.3906865119934082,1.0,0.049784769071266055
0.9608143382822705,0.22943402401481475,-0.7930023488975589,13.02386287205342,0.04889754205942154,0.4217761754989624,1.0,0.05023767193779349
0.9608143382822705,0.22943402401481475,-0.7930023488975589,13.073721040053776,0.055566392838954926,0.44070667028427124,1.0,0.04985816800035536
0.9703627138640751,0.2194597786218,-0.7184100762330645,13.123992922263703,0.028363177552819252,0.35033369064331055,1.0,0.050271882209926844
0.9703627138640751,0.2194597786218,-0.7184100762330645,13.173714079209155,0.03465952351689339,0.35087573528289795,1.0,0.049721156945452094
0.9703627138640751,0.2194597786218,-0.7184100762330645,13.223712602178118,0.04090199992060661,0.35130318999290466,1.0,0.04999852296896279
0.9703627138640751,0.2194597786218,-0.7184100762330645,13.28722490115512,0.04718605801463127,0.35175400972366333,1.0,0.0635122989770025
0.9751400488179031,0.21333190029876178,-0.6459754742034575,13.32384163608264,0.036606352776288986,0.21353577077388763,1.0,0.036616734927520156
0.9751400488179031,0.21333190029876178,-0.6459754742034575,13.37366349111732,0.04104485735297203,0.21206246316432953,1.0,0.049821855034679174
0.9751400488179031,0.21333190029876178,-0.6459754742034575,13.423726305146253,0.047090306878089905,0.21007634699344635,1.0,0.050062814028933644
0.9751400488179031,0.21333190029876178,-0.6459754742034575,13.473739880150667,0.0530090257525444,0.21049965918064117,1.0,0.050013575004413724
0.983379864797648,0.20881157990874671,-0.5913768199620639,13.523726375088579,0.042737506330013275,-0.039041317999362946,1.0,0.04998649493791163
0.983379864797648,0.20881157990874671,-0.5913768199620639,13.573670656200981,0.04858699068427086,-0.038203414529561996,1.0,0.04994428111240268
0.983379864797648,0.20881157990874671,-0.5913768199620639,13.623664049212373,0.05446754768490791,-0.03823764994740486,1.0,0.04999339301139116
0.983379864797648,0.20881157990874671,-0.5913768199620639,13.673620015163458,0.060285329818725586,-0.04162469878792763,1.0,0.04995596595108509
0.983379864797648,0.20881157990874671,-0.5913768199620639,13.724354907185322,0.06607136130332947,-0.04507021978497505,1.0,0.05073489202186465
0.983379864797648,0.20881157990874671,-0.5913768199620639,13.773679161224997,0.07195546478033066,-0.04854961112141609,1.0,0.049324254039675
0.9976549014533814,0.19952206049921165,-0.5735167877123196,13.823723106192908,0.08393023908138275,-0.2550339698791504,1.0,0.05004394496791065
0.9976549014533814,0.19952206049921165,-0.5735167877123196,13.873813163036964,0.0858134999871254,-0.34341809153556824,1.0,0.05009005684405565
0.9976549014533814,0.19952206049921165,-0.5735167877123196,13.923713300157821,0.08934148401021957,-0.41879016160964966,1.0,0.049900137120857835
0.9976549014533814,0.19952206049921165,-0.5735167877123196,13.973712822203076,0.09383144974708557,-0.4877042770385742,1.0,0.04999952204525471
1.010560705147234,0.18982533721074396,-0.6038392808811288,14.023616722099966,0.08446689695119858,-0.1838798075914383,1.0,0.049903899896889925
1.010560705147234,0.18982533721074396,-0.6038392808811288,14.073682199245802,0.0869024246931076,-0.25937047600746155,1.0,0.05006547714583576
1.010560705147234,0.18982533721074396,-0.6038392808811288,14.123656276161334,0.08960546553134918,-0.33346685767173767,1.0,0.04997407691553235
1.010560705147234,0.18982533721074396,-0.6038392808811288,14.173683170242718,0.0936240553855896,-0.39909428358078003,1.0,0.050026894081383944
1.0242230959248133,0.1789344364790826,-0.6729810620865785,14.223743244087807,0.10921092331409454,-0.16042397916316986,1.0,0.05006007384508848
1.0242230959248133,0.1789344364790826,-0.6729810620865785,14.273646822212747,0.11217468231916428,-0.23258759081363678,1.0,0.049903578124940395
1.0242230959248133,0.1789344364790826,-0.6729810620865785,14.327831009183562,0.11516536772251129,-0.3047110438346863,1.0,0.05418418697081506
1.0242230959248133,0.1789344364790826,-0.6729810620865785,14.373682002084813,0.1200421005487442,-0.3727376461029053,1.0,0.04585099290125072
1.0359590852205038,0.16708790264838708,-0.7318128328634721,14.42355071917597,0.11843715608119965,0.022505024448037148,1.0,0.04986871709115803
1.0359590852205038,0.16708790264838708,-0.7318128328634721,14.473648872239998,0.12142582982778549,-0.04956779628992081,1.0,0.05009815306402743
1.0359590852205038,0.16708790264838708,-0.7318128328634721,14.52367453208614,0.12445569783449173,-0.11894100159406662,1.0,0.050025659846141934
1.0359590852205038,0.16708790264838708,-0.7318128328634721,14.573624127092323,0.12736934423446655,-0.18362247943878174,1.0,0.04994959500618279
1.0359590852205038,0.16708790264838708,-0.7318128328634721,14.623690758146829,0.13004356622695923,-0.24765920639038086,1.0,0.050066631054505706
1.052271524286658,0.14922817842472927,-0.7644802729666712,14.67365659821268,0.12905138731002808,0.5356365442276001,1.0,0.04996584006585181
1.052271524286658,0.14922817842472927,-0.7644802729666712,14.723619530223793,0.1367558240890503,0.492958128452301,1.0,0.04996293201111257
1.052271524286658,0.14922817842472927,-0.7644802729666712,14.773683164049423,0.14218765497207642,0.43604013323783875,1.0,0.05006363382562995
1.052271524286658,0.14922817842472927,-0.7644802729666712,14.823686180184147,0.14674562215805054,0.3730659484863281,1.0,0.05000301613472402
1.0714094283891187,0.13025694795278991,-0.7793292804417777,14.873653070083371,0.09213344752788544,0.6600772738456726,1.0,0.04996688989922404
1.0714094283891187,0.13025694795278991,-0.7793292804417777,14.923655939069128,0.1004621684551239,0.6392574310302734,1.0,0.05000286898575723
1.0804976719732249,0.12048856271955932,-0.7353218500304365,14.973627303042,0.08070829510688782,0.6614434719085693,1.0,0.049971363972872496
1.0804976719732249,0.12048856271955932,-0.7353218500304365,15.02407202917572,0.08518284559249878,0.6621723175048828,1.0,0.05044472613371909
1.0804976719732249,0.12048856271955932,-0.7353218500304365,15.073776714051625,0.08948443830013275,0.6629586219787598,1.0,0.049704684875905514
1.0804976719732249,0.12048856271955932,-0.7353218500304365,15.123734509120247,0.09488651156425476,0.663773775100708,1.0,0.049957795068621635
1.095418279485479,0.10874496773461338,-0.6312585763195269,15.173733868184051,0.07422046363353729,0.662803053855896,1.0,0.04999935906380415
1.095418279485479,0.10874496773461338,-0.6312585763195269,15.223706962088606,0.08140964806079865,0.663446843624115,1.0,0.049973093904554844
1.1034475026827533,0.10356742871051199,-0.5750906543240828,15.273622799212596,0.08306382596492767,0.661252498626709,1.0,0.04991583712399006
1.1034475026827533,0.10356742871051199,-0.5750906543240828,15.351396126220486,0.08984936028718948,0.6395054459571838,1.0,0.07777332700788975
1.1034475026827533,0.10356742871051199,-0.5750906543240828,15.378628071178234,0.10832742601633072,0.5485577583312988,1.0,0.027231944957748055
1.1103267800989125,0.0996169596503023,-0.5176899181572847,15.423748411251715,0.10950232297182083,0.5473139882087708,1.0,0.0451203400734812
1.1198783706570543,0.09327126258564397,-0.4620802497487973,15.473725066068134,0.11703317612409592,0.5235085487365723,1.0,0.049976654816418886
1.1198783706570543,0.09327126258564397,-0.4620802497487973,15.523721624179295,0.12121479213237762,0.43569454550743103,1.0,0.049996558111160994
1.1282772067488727,0.08914339714711877,-0.4098576271044448,15.57362472616557,0.10658624023199081,-0.13244597613811493,1.0,0.04990310198627412
1.1282772067488727,0.08914339714711877,-0.4098576271044448,15.623625676161161,0.11014127731323242,-0.22877129912376404,1.0,0.050000949995592237
1.1282772067488727,0.08914339714711877,-0.4098576271044448,15.673624271074793,0.11349872499704361,-0.3279278576374054,1.0,0.04999859491363168
1.1282772067488727,0.08914339714711877,-0.4098576271044448,15.723692000158614,0.11822738498449326,-0.42379045486450195,1.0,0.05006772908382118
1.1500163339105447,0.08170733600957679,-0.3600744122347615,15.773674450129754,0.11575424671173096,-0.3177809417247772,1.0,0.04998244997113943
1.1500163339105447,0.08170733600957679,-0.3600744122347615,15.824091713190562,0.11488288640975952,-0.2574383318424225,1.0,0.05041726306080818
1.165699621527348,0.07519147799106762,-0.39137759785408655,15.87384719007138,0.08810928463935852,-0.1228974387049675,1.0,0.049755476880818605
1.165699621527348,0.07519147799106762,-0.39137759785408655,15.923776240101567,0.09794891625642776,-0.21093671023845673,1.0,0.04992905003018677
1.1778308240950324,0.069382223587909,-0.4199608656799297,15.973629123079142,0.07951825112104416,-0.07328025251626968,1.0,0.049852882977575064
1.1778308240950324,0.069382223587909,-0.4199608656799297,16.023758766254893,0.08936961740255356,-0.14602121710777283,1.0,0.05012964317575097
1.1778308240950324,0.069382223587909,-0.4199608656799297,16.073721751118562,0.09882870316505432,-0.2195509374141693,1.0,0.04996298486366868
1.1778308240950324,0.069382223587909,-0.4199608656799297,16.123701443210727,0.10819724947214127,-0.29283133149147034,1.0,0.04997969209216535
1.197745091108002,0.05901166709266872,-0.4465080500628442,16.173710240064672,0.0662781149148941,-0.011715085245668888,1.0,0.05000879685394466
1.197745091108002,0.05901166709266872,-0.4465080500628442,16.223733300123847,0.07564535737037659,-0.0850239172577858,1.0,0.050023060059174895
1.197745091108002,0.05901166709266872,-0.4465080500628442,16.273758216076082,0.08526957780122757,-0.15665027499198914,1.0,0.05002491595223546
1.197745091108002,0.05901166709266872,-0.4465080500628442,16.323773383176437,0.09455438703298569,-0.23091575503349304,1.0,0.05001516710035503
1.197745091108002,0.05901166709266872,-0.4465080500628442,16.394069457207358,0.10342724621295929,-0.3153408169746399,1.0,0.07029607403092086
1.2143054442469217,0.050840586265705506,-0.4794702030399738,16.423635460217035,0.07590741664171219,-0.09926024079322815,1.0,0.029566003009676933
1.2143054442469217,0.050840586265705506,-0.4794702030399738,16.473688339129573,0.08186894655227661,-0.14200830459594727,1.0,0.05005287891253829
1.2143054442469217,0.050840586265705506,-0.4794702030399738,16.523661381112895,0.09196074306964874,-0.2143900990486145,1.0,0.04997304198332131
1.2143054442469217,0.050840586265705506,-0.4794702030399738,16.574456141110993,0.10199712216854095,-0.28570523858070374,1.0,0.050794759998098016
1.2299670621856462,0.04297715108939149,-0.5172438023133781,16.624247828046343,0.07482993602752686,-0.00905329268425703,1.0,0.0497916869353503
1.2299670621856462,0.04297715108939149,-0.5172438023133781,16.673648935057706,0.08506978303194046,-0.07647570967674255,1.0,0.04940110701136291
1.2299670621856462,0.04297715108939149,-0.5172438023133781,16.723821187172568,0.09556633979082108,-0.1483556032180786,1.0,0.050172252114862204
1.2299670621856462,0.04297715108939149,-0.5172438023133781,16.773709072046465,0.10619433969259262,-0.22431868314743042,1.0,0.04988788487389684
1.2459767041392145,0.033819887157982946,-0.5485477722396477,16.82371486724775,0.07503794133663177,0.10027223825454712,1.0,0.050005795201286674
1.2459767041392145,0.033819887157982946,-0.5485477722396477,16.87373224204827,0.08558449894189835,0.019343122839927673,1.0,0.050017374800518155
1.2459767041392145,0.033819887157982946,-0.5485477722396477,16.923723459257296,0.09600834548473358,-0.0644652470946312,1.0,0.04999121720902622
1.2459767041392145,0.033819887157982946,-0.5485477722396477,16.973754508201516,0.10639777779579163,-0.14889726042747498,1.0,0.05003104894421995
1.2650752145755497,0.021189558782853696,-0.561228278290757,17.023759634247533,0.058749958872795105,0.258534699678421,1.0,0.05000512604601681
1.2650752145755497,0.021189558782853696,-0.561228278290757,17.073984391069523,0.07309577614068985,0.179411381483078,1.0,0.05022475682199001
1.2650752145755497,0.021189558782853696,-0.561228278290757,17.123763960101194,0.08478495478630066,0.0963616892695427,1.0,0.04977956903167069
1.2650752145755497,0.021189558782853696,-0.561228278290757,17.173791287247575,0.09652248024940491,0.016778185963630676,1.0,0.05002732714638114
1.2818592602992063,0.00895033467151982,-0.5574626232656712,17.223780767074338,0.04930831491947174,0.37746191024780273,1.0,0.04998947982676327
1.2818592602992063,0.00895033467151982,-0.5574626232656712,17.27689327603627,0.06414957344532013,0.3041984438896179,1.0,0.05311250896193087
1.2818592602992063,0.00895033467151982,-0.5574626232656712,17.324043163111916,0.07960643619298935,0.2278234362602234,1.0,0.04714988707564771
1.2818592602992063,0.00895033467151982,-0.5574626232656712,17.37376374217171,0.09087076783180237,0.14794397354125977,1.0,0.049720579059794545
1.2818592602992063,0.00895033467151982,-0.5574626232656712,17.467510911183915,0.10217957943677902,0.06273035705089569,1.0,0.09374716901220381
1.2957933650571944,-0.001134636745379035,-0.5263654256189155,17.509729656171537,0.07336912304162979,0.21021664142608643,1.0,0.0422187449876219
1.2957933650571944,-0.001134636745379035,-0.5263654256189155,17.547485486152134,0.08327755331993103,0.15306410193443298,1.0,0.0377558299805969
1.2957933650571944,-0.001134636745379035,-0.5263654256189155,17.585613668211288,0.09249484539031982,0.10100620239973068,1.0,0.038128182059153914
1.2957933650571944,-0.001134636745379035,-0.5263654256189155,17.623645769212878,0.10183035582304001,0.04847760125994682,1.0,0.03803210100159049
1.2957933650571944,-0.001134636745379035,-0.5263654256189155,17.67418899225492,0.11158659309148788,0.012011501006782055,1.0,0.05054322304204106
1.3110944774191347,-0.010730020665447282,-0.49664410580839646,17.723662319140992,0.07574933767318726,0.24349701404571533,1.0,0.049473326886072755
1.3110944774191347,-0.010730020665447282,-0.49664410580839646,17.773929460220522,0.08858807384967804,0.16826722025871277,1.0,0.05026714107953012
1.3110944774191347,-0.010730020665447282,-0.49664410580839646,17.823868926162383,0.10158281028270721,0.09579978883266449,1.0,0.04993946594186127
1.3110944774191347,-0.010730020665447282,-0.49664410580839646,17.873876170035935,0.1147666722536087,0.017491433769464493,1.0,0.05000724387355149
1.3276989483413273,-0.019908126890013502,-0.4798964604101841,17.92372208206404,0.07912766188383102,0.24171018600463867,1.0,0.04984591202810407
1.3276989483413273,-0.019908126890013502,-0.4798964604101841,17.973809415255225,0.0915219858288765,0.14363203942775726,1.0,0.05008733319118619
1.3276989483413273,-0.019908126890013502,-0.4798964604101841,18.023789227255172,0.10408389568328857,0.06286029517650604,1.0,0.04997981199994683
1.3276989483413273,-0.019908126890013502,-0.4798964604101841,18.073779485201946,0.11676342040300369,-0.016484156250953674,1.0,0.049990257946774364
1.34412784911741,-0.029126984512475453,-0.4536365801130964,18.123777340179792,0.07880541682243347,0.22550612688064575,1.0,0.049997854977846146
1.34412784911741,-0.029126984512475453,-0.4536365801130964,18.173752032233885,0.09231825917959213,0.15542887151241302,1.0,0.049974692054092884
1.34412784911741,-0.029126984512475453,-0.4536365801130964,18.224245498203224,0.10508918017148972,0.09537564218044281,1.0,0.05049346596933901
1.34412784911741,-0.029126984512475453,-0.4536365801130964,18.27423717525277,0.1179589182138443,0.03452472388744354,1.0,0.049991677049547434
1.3635957563438454,-0.0389118218084173,-0.4355787821354743,18.32376995823767,0.06964721530675888,0.33946672081947327,1.0,0.049532782984897494
1.3635957563438454,-0.0389118218084173,-0.4355787821354743,18.373857536133862,0.08310611546039581,0.2644369900226593,1.0,0.05008757789619267
1.3635957563438454,-0.0389118218084173,-0.4355787821354743,18.47013750114899,0.09582693874835968,0.1943027377128601,1.0,0.09627996501512825
1.3635957563438454,-0.0389118218084173,-0.4355787821354743,18.51050364204172,0.12128492444753647,0.07629970461130142,1.0,0.04036614089272916
1.3635957563438454,-0.0389118218084173,-0.4355787821354743,18.557746762190497,0.13180819153785706,0.03207254782319069,1.0,0.04724312014877796
1.3824146198191603,-0.04845984019748313,-0.40893296097448484,18.60229451303791,0.09007406234741211,0.3139483332633972,1.0,0.044547750847414136
1.3824146198191603,-0.04845984019748313,-0.40893296097448484,18.648402888108528,0.10269986093044281,0.2592427432537079,1.0,0.0461083750706166
1.3824146198191603,-0.04845984019748313,-0.40893296097448484,18.69417982410129,0.11569853872060776,0.19888807833194733,1.0,0.045776935992762446
1.3824146198191603,-0.04845984019748313,-0.40893296097448484,18.728836267035938,0.12869226932525635,0.142442524433136,1.0,0.0346564429346472
1.3824146198191603,-0.04845984019748313,-0.40893296097448484,18.77483363613907,0.13832220435142517,0.09548762440681458,1.0,0.04599736910313368
1.401903826894535,-0.05639918317814428,-0.38160709694391737,18.823775868177897,0.0939294844865799,0.28027525544166565,1.0,0.04894223203882575
1.401903826894535,-0.05639918317814428,-0.38160709694391737,18.87375846413385,0.10803911834955215,0.2137923538684845,1.0,0.049982595955953
1.4130549050690773,-0.060111332191677865,-0.3624609400401519,18.923761994125805,0.08963075280189514,0.216842383146286,1.0,0.050003529991954565
1.4130549050690773,-0.060111332191677865,-0.3624609400401519,18.974515607128403,0.10317907482385635,0.14699670672416687,1.0,0.050753613002598286
1.4278462787894677,-0.06682131961281915,-0.3512673744899748,19.02381285909984,0.07043192535638809,-0.16162824630737305,1.0,0.04929725197143853
1.4278462787894677,-0.06682131961281915,-0.3512673744899748,19.07391316817563,0.07310610264539719,-0.23634642362594604,1.0,0.05010030907578766
1.4278462787894677,-0.06682131961281915,-0.3512673744899748,19.123806684058643,0.07567067444324493,-0.3122348189353943,1.0,0.049893515883013606
1.4278462787894677,-0.06682131961281915,-0.3512673744899748,19.17381439615462,0.07928501814603806,-0.3802660405635834,1.0,0.050007712095975876
1.4480614887248864,-0.07499326628088931,-0.3231261638665906,19.223790768081805,0.06945504993200302,-0.1891927421092987,1.0,0.04997637192718685
1.4480614887248864,-0.07499326628088931,-0.3231261638665906,19.2738237581351,0.07199891656637192,-0.264739990234375,1.0,0.05003299005329609
1.4480614887248864,-0.07499326628088931,-0.3231261638665906,19.323816609116754,0.07473982125520706,-0.33914750814437866,1.0,0.04999285098165274
1.4480614887248864,-0.07499326628088931,-0.3231261638665906,19.373798010185844,0.07882145047187805,-0.40458935499191284,1.0,0.04998140106908977
1.4480614887248864,-0.07499326628088931,-0.3231261638665906,19.43098045817066,0.08262219280004501,-0.4650505781173706,1.0,0.057182447984814644
1.464022776560886,-0.08069428292769601,-0.37319671914890307,19.512654504053778,0.07689463347196579,-0.11324726045131683,1.0,0.0816740458831191
1.464022776560886,-0.08069428292769601,-0.37319671914890307,19.560310194049514,0.08065571635961533,-0.22806119918823242,1.0,0.047655689995735884
1.464022776560886,-0.08069428292769601,-0.37319671914890307,19.59926563106898,0.08267444372177124,-0.2984010875225067,1.0,0.038955437019467354
1.464022776560886,-0.08069428292769601,-0.37319671914890307,19.644976239199302,0.08523135632276535,-0.35686740279197693,1.0,0.04571060813032091
1.479425234745955,-0.08614184851066911,-0.44111008204497454,19.685481909210345,0.10153818130493164,-0.07281879335641861,1.0,0.04050567001104355
1.479425234745955,-0.08614184851066911,-0.44111008204497454,19.72714074306611,0.10325486958026886,-0.1325037181377411,1.0,0.04165883385576308
1.479425234745955,-0.08614184851066911,-0.44111008204497454,19.773755634217075,0.10505875200033188,-0.19601722061634064,1.0,0.04661489115096629
1.4922665035487,-0.09329722401521073,-0.4965365905976756,19.823912939070276,0.10208041965961456,0.1914253681898117,1.0,0.05015730485320091
